<?xml version="1.0" encoding="UTF-8"?>
<!DOCTYPE mapper
	PUBLIC "-//mybatis.org//DTD Mapper 3.0//EN"
	"http://mybatis.org/dtd/mybatis-3-mapper.dtd">
<mapper namespace="com.spring.mapper.BoardMapper">
	<!-- 게시판 글 목록 가져오기(페이징 아직 안됐음) -->
	<select id="getBoardlist" resultType="com.spring.dto.BoardDto">
		SELECT * FROM tbmall_board where board_delete =0;
	</select>
	<!-- 게시판 글 읽기 -->
	<select id="readContent" resultType="com.spring.dto.BoardDto">
		SELECT * from tbmall_board where board_no= #{board_no}
	</select>
	
	<!-- 게시판 글 쓰기 -->	
	<insert id="writeContent" parameterType="com.spring.dto.BoardDto">
		INSERT INTO tbmall_board (member_no , board_title, board_content, board_writedate)
		VALUES(#{member_no},#{board_title},#{board_content},CURRENT_TIMESTAMP)
	</insert>
	<!-- 글 수정 -->
	<update id="editContent" parameterType="com.spring.dto.BoardDto">
		UPDATE tbmall_board
		SET
			board_title = #{board_title},
			board_content = #{board_content},
			board_writedate = CURRENT_TIMESTAMP
		WHERE board_no = #{board_no} AND member_no = #{member_no}	
	</update>
	
	<!-- 글 삭제하기 -->
	<!-- 글 삭제하기 (단일 글 삭제) -->
	<update id="deleteOneContent" parameterType="long">
		UPDATE tbmall_board 
		SET board_delete = 1,
			board_writedate = CURRENT_TIMESTAMP
		WHERE board_no = #{board_no}
	</update>
	
	
	<!-- 모든 댓글 리스트 가져오기 (보고 있는 글 번호)-->
	<select id="getCommentList" resultType="com.spring.dto.CommentDto">
		SELECT 
			c.board_no,
			c.member_no,
			c.comment_content,
			c.comment_writedate
		FROM tbmall_comment c
		INNER JOIN tbmall_board b 
		ON c.board_no = b.board_no
		WHERE c.board_no = #{board_no}	
	</select>
	<!--댓글 작성  -->
	<insert id="writeComment" parameterType="com.spring.dto.CommentDto">
		INSERT INTO tbmall_comment
			(board_no,
			member_no,
			comment_content,
			comment_writedate)
			VALUES
			(#{board_no},
			#{member_no},
			#{comment_content},
			CURRENT_TIMESTAMP
			)
	</insert>
	<!-- (관리자 기능) 다른 유저 글 로그 보기 -->

</mapper>