<?xml version="1.0" encoding="UTF-8"?>
<!DOCTYPE mapper
    PUBLIC "-//mybatis.org//DTD Mapper 3.0//EN"
    "http://mybatis.org/dtd/mybatis-3-mapper.dtd">
<mapper namespace="com.spring.mapper.StuffMapper">
    <!-- 물건 목록 조회 -->
    <select id="getItemList" resultType="com.spring.dto.StuffDto">
        SELECT 
            s.item_id,
            s.item_name,
            s.item_price,
            s.item_stock,
            s.item_description,
            s.reg_date,
            s.admin_no,
            m.member_delete,
            s.item_delete
        FROM 
            tbmall_stuff s
            JOIN tbmall_admin a ON s.admin_no = a.admin_no
            JOIN tbmall_member m ON a.member_no = m.member_no
        WHERE 
            (m.member_delete = 0 OR m.member_delete IS NULL)
            AND (s.item_delete = 0 OR s.item_delete IS NULL)
        ORDER BY 
            s.item_id DESC
    </select>
    
    <!-- 물건 등록 -->
    <insert id="registerItem">
        INSERT INTO tbmall_stuff (
            item_name,
            item_price,
            item_stock,
            item_description,
            admin_no
        ) VALUES (
            #{item_name},
            #{item_price},
            #{item_stock},
            #{item_description},
            #{admin_no}
        )
    </insert>
    
    <!-- 물건 조회 -->
    <select id="getItem" resultType="com.spring.dto.StuffDto">
        SELECT 
            s.item_id,
            s.item_name,
            s.item_price,
            s.item_stock,
            s.item_description,
            s.reg_date,
            s.admin_no,
            m.member_delete
        FROM 
            tbmall_stuff s
            JOIN tbmall_admin a ON s.admin_no = a.admin_no
            JOIN tbmall_member m ON a.member_no = m.member_no
        WHERE 
            s.item_id = #{item_id}
            AND (m.member_delete = 0 OR m.member_delete IS NULL)
    </select>
    
    <!-- 물건 수정 -->
    <update id="updateItem">
        UPDATE tbmall_stuff 
        SET 
            item_name = #{item_name},
            item_price = #{item_price},
            item_stock = #{item_stock},
            item_description = #{item_description}
        WHERE 
            item_id = #{item_id}
            AND admin_no = #{admin_no}
    </update>
    
    <!-- 재고 업데이트 -->
    <update id="updateStock">
        UPDATE tbmall_stuff 
        SET item_stock = item_stock - #{quantity}
        WHERE item_id = #{item_id}
        AND item_stock >= #{quantity}
    </update>
    
    <!-- 재고 확인 -->
    <select id="checkStock" resultType="int">
        SELECT item_stock 
        FROM tbmall_stuff 
        WHERE item_id = #{item_id}
    </select>
    
    <!-- 물건 삭제 (소프트 삭제) -->
    <update id="deleteItem">
        UPDATE tbmall_stuff 
        SET item_delete = 1,
            delete_date = CURRENT_TIMESTAMP
        WHERE item_id = #{item_id}
    </update>
    
    <!-- 물건 복구 -->
    <update id="restoreItem">
        UPDATE tbmall_stuff 
        SET item_delete = 0,
            delete_date = NULL
        WHERE item_id = #{item_id}
    </update>
    
    <!-- 삭제된 물건 목록 조회 -->
    <select id="getDeletedItems" resultType="com.spring.dto.StuffDto">
        SELECT 
            s.*, m.member_delete
        FROM 
            tbmall_stuff s
            JOIN tbmall_admin a ON s.admin_no = a.admin_no
            JOIN tbmall_member m ON a.member_no = m.member_no
        WHERE 
            s.item_delete = 1
        ORDER BY 
            s.item_id DESC
    </select>
    
    <!-- 삭제된 물건 목록 조회 -->
    <select id="getDeletedItemList" resultType="com.spring.dto.StuffDto">
        SELECT 
            s.*,
            m.member_delete
        FROM 
            tbmall_stuff s
            JOIN tbmall_admin a ON s.admin_no = a.admin_no
            JOIN tbmall_member m ON a.member_no = m.member_no
        WHERE 
            s.item_delete = 1
        ORDER BY 
            s.delete_date DESC
    </select>
</mapper> 